{
    "0": [
        2.41679988691658,
        4.883690000000001
    ],
    "1": [
        3.020999830374869,
        5.930195000000001
    ],
    "2": [
        1.2084000000000006,
        4.88369
    ],
    "3": [
        1.8125999434582905,
        5.930195000000001
    ],
    "4": [
        4.182522135471407,
        7.77811834051724
    ],
    "5": [
        3.6251997738331574,
        6.976700000000001
    ],
    "6": [
        2.4167998869165785,
        6.976699999999999
    ],
    "7": [
        3.0209998303748686,
        7.790648333333334
    ],
    "9": [
        1.8125999434582907,
        7.790648333333334
    ],
    "10": [
        1.208400000000001,
        6.976700000000001
    ],
    "11": [
        0.6042000565417114,
        7.790648333333336
    ],
    "12": [
        1.1308342239156764e-07,
        6.9767
    ],
    "13": [
        1.1308342195981425e-07,
        4.88369
    ],
    "14": [
        -1.2083997738331569,
        4.883690000000001
    ],
    "15": [
        -0.6041998303748675,
        5.930195000000001
    ],
    "16": [
        0.604200056541711,
        5.930195000000001
    ],
    "18": [
        1.130834223959733e-07,
        6.976700000000001
    ],
    "20": [
        -0.6041998303748674,
        7.790648333333334
    ],
    "21": [
        -1.2083997738331569,
        6.976700000000001
    ],
    "22": [
        -1.812599717291446,
        7.790648333333334
    ],
    "23": [
        -2.416799660749735,
        6.976700000000001
    ],
    "24": [
        -3.0209996042080243,
        7.790648333333336
    ],
    "25": [
        -4.182521909304563,
        7.778118340517242
    ],
    "26": [
        -3.625199547666314,
        6.976699999999999
    ],
    "27": [
        -5.017637348394901,
        7.045865560344828
    ],
    "29": [
        -3.0209996042080243,
        5.930195000000001
    ],
    "30": [
        -3.625199547666314,
        4.88369
    ],
    "31": [
        -1.8125997172914463,
        5.930195000000001
    ],
    "32": [
        -2.416799660749735,
        4.88369
    ],
    "33": [
        -5.588849363905753,
        5.930195000000001
    ],
    "34": [
        -6.193049307364043,
        4.883690000000001
    ],
    "35": [
        -4.229399491124604,
        5.930195000000001
    ],
    "36": [
        -4.833599434582894,
        4.883690000000001
    ],
    "37": [
        0.6042000565417108,
        3.8371850000000003
    ],
    "38": [
        1.1308342173776964e-07,
        2.7906800000000005
    ],
    "39": [
        1.8125999434582905,
        3.837185
    ],
    "40": [
        1.2084000000000004,
        2.7906799999999996
    ],
    "41": [
        -1.812599717291446,
        3.8371850000000003
    ],
    "42": [
        -1.2083997738331573,
        2.7906800000000014
    ],
    "43": [
        -2.416799660749735,
        2.7906800000000005
    ],
    "44": [
        -0.6041998303748675,
        3.8371850000000003
    ],
    "46": [
        0.6042000565417108,
        1.7441750000000003
    ],
    "47": [
        1.1308342151572504e-07,
        0.69767
    ],
    "48": [
        -1.2083997738331573,
        0.69767
    ],
    "49": [
        -0.6041998303748675,
        1.7441749999999998
    ],
    "50": [
        -3.0209996042080243,
        1.7441750000000003
    ],
    "51": [
        -2.416799660749735,
        0.6976700000000005
    ],
    "52": [
        -1.8125997172914463,
        1.7441750000000007
    ],
    "53": [
        -3.6251995476663144,
        0.69767
    ],
    "55": [
        -4.229399491124603,
        1.7441750000000003
    ],
    "57": [
        -4.229399491124603,
        1.7441750000000005
    ],
    "58": [
        -4.833599434582893,
        0.6976700000000005
    ],
    "59": [
        -5.4377993780411815,
        1.7441750000000007
    ],
    "60": [
        -6.041999321499471,
        0.6976700000000005
    ],
    "61": [
        -3.0209996042080243,
        3.8371850000000007
    ],
    "62": [
        -4.229399491124604,
        3.8371850000000003
    ],
    "63": [
        -3.6251995476663144,
        2.7906800000000005
    ],
    "64": [
        -4.833599434582893,
        2.790680000000001
    ],
    "66": [
        -6.646199264957761,
        1.744175000000002
    ],
    "67": [
        -7.250399208416051,
        0.6976700000000013
    ],
    "68": [
        -8.005649137738912,
        1.7441750000000014
    ],
    "69": [
        -8.683117005375191,
        0.7086963936781627
    ],
    "70": [
        -7.401449194280621,
        2.790679999999999
    ],
    "71": [
        -5.437799378041183,
        3.8371850000000003
    ],
    "72": [
        -6.041999321499471,
        2.7906800000000014
    ],
    "73": [
        -6.797249250822332,
        3.8371850000000007
    ],
    "74": [
        3.0209998303748673,
        -4.534855
    ],
    "75": [
        3.6251997738331574,
        -5.58136
    ],
    "76": [
        3.6251997738331574,
        -3.48835
    ],
    "77": [
        4.229399717291447,
        -4.534855
    ],
    "78": [
        4.8335996607497345,
        -5.581360000000001
    ],
    "79": [
        4.229399717291447,
        -6.627865
    ],
    "80": [
        4.946887150148166,
        -7.511229493534483
    ],
    "81": [
        5.437799604208025,
        -6.627865
    ],
    "83": [
        6.041999547666315,
        -5.581360000000001
    ],
    "84": [
        5.437799604208025,
        -4.534855
    ],
    "85": [
        6.646199491124605,
        -4.534855
    ],
    "86": [
        6.0419995476663155,
        -3.4883500000000014
    ],
    "87": [
        4.229399717291447,
        -2.4418450000000003
    ],
    "88": [
        4.8335996607497345,
        -1.3953400000000005
    ],
    "89": [
        5.437799604208025,
        -2.4418450000000003
    ],
    "90": [
        4.8335996607497345,
        -3.48835
    ],
    "92": [
        6.0419995476663155,
        -3.488350000000001
    ],
    "94": [
        7.250399434582893,
        -3.48835
    ],
    "95": [
        6.646199491124605,
        -2.4418450000000003
    ],
    "96": [
        7.854599378041182,
        -2.4418450000000003
    ],
    "97": [
        7.250399434582893,
        -1.3953400000000005
    ],
    "98": [
        8.458799321499471,
        -1.3953400000000005
    ],
    "99": [
        8.978359186671577,
        -0.4228120775862071
    ],
    "100": [
        7.854599378041182,
        -0.3488350000000009
    ],
    "101": [
        8.683117231542031,
        0.7086963936781601
    ],
    "103": [
        6.646199491124605,
        -0.34883500000000045
    ],
    "104": [
        6.041999547666315,
        0.6976699999999996
    ],
    "105": [
        6.0419995476663155,
        -1.3953400000000005
    ],
    "106": [
        5.437799604208025,
        -0.348835
    ],
    "107": [
        7.250399434582893,
        0.6976699999999996
    ],
    "108": [
        6.646199491124605,
        1.744174999999999
    ],
    "109": [
        8.005649363905755,
        1.7441749999999996
    ],
    "110": [
        7.401449420447466,
        2.790679999999999
    ],
    "111": [
        2.4167998869165785,
        -1.39534
    ],
    "112": [
        1.8125999434582891,
        -2.441845
    ],
    "113": [
        3.0209998303748673,
        -2.4418450000000003
    ],
    "114": [
        2.4167998869165785,
        -3.48835
    ],
    "115": [
        4.229399717291447,
        -0.34883500000000023
    ],
    "116": [
        3.0209998303748677,
        -0.34883500000000023
    ],
    "117": [
        3.6251997738331583,
        0.69767
    ],
    "118": [
        3.6251997738331574,
        -1.3953400000000005
    ],
    "120": [
        1.2084,
        -1.39534
    ],
    "121": [
        0.6042000565417108,
        -0.3488349999999998
    ],
    "122": [
        1.2084000000000001,
        0.69767
    ],
    "123": [
        1.8125999434582891,
        -0.348835
    ],